 [
    {
        "title": "JSONSome title",
        "author": "Author name",
        "description": "Lorem ipsum..."
    },{
        "title": "JSONSome title",
        "author": "Author name",
        "description": "Lorem ipsum..."
    },
    {
        "title": "JSONSome title",
        "author": "Author name",
        "description": "Lorem ipsum..."
    },{
        "title": "JSONSome title",
        "author": "Author name",
        "description": "Lorem ipsum..."
    },    {
        "title": "JSONSome title",
        "author": "Author name",
        "description": "Lorem ipsum..."
    },{
        "title": "JSONSome title",
        "author": "Author name",
        "description": "Lorem ipsum..."
    },
    {
        "title": "JSONSome title",
        "author": "Author name",
        "description": "Lorem ipsum..."
    },{
        "title": "JSONSome title",
        "author": "Author name",
        "description": "Lorem ipsum..."
    }
]
